Column,QuestionText
MainBranch,"Which of the following options best describes you today?"
Employment,"Which of the following best describes your current employment status?"
RemoteWork,"Which best describes your current work situation?"
CodingActivities,"Which of the following best describes the code you write outside of work? Select all that apply."
EdLevel,"Which of the following best describes the highest level of formal education that you’ve completed?"
LearnCode,"How did you learn to code? Select all that apply."
LearnCodeOnline,"What online resources do you use to learn to code? Select all that apply."
LearnCodeCoursesCert,"What online courses or certifications do you use to learn to code? Select all that apply."
YearsCode,"Including any education, how many years have you been coding in total?"
YearsCodePro,"NOT including education, how many years have you coded professionally (as a part of your work)?"
DevType,"Which of the following describes your current job? Please select all that apply."
OrgSize,"Approximately how many people are employed by the company or organization you currently work for?"
PurchaseInfluence,"What level of influence do you, personally, have over new technology purchases at your organization?"
BuyNewTool,"When buying a new tool or software, how do you discover and research available solutions? Select all that apply."
Country,"Where do you live?"
Currency,"Which currency do you use day-to-day? If your answer is complicated, please pick the one you're most comfortable estimating in." 
CompTotal,"What is your current total compensation (salary, bonuses, and perks, before taxes and deductions)? Please enter a whole number in the box below, without any punctuation.  If you are paid hourly, please estimate an equivalent weekly, monthly, or yearly salary. If you prefer not to answer, please leave the box empty."
CompFreq,"Is that compensation weekly, monthly, or yearly?"
Language,"Which programming, scripting, and markup languages have you done extensive development work in over the past year, and which do you want to work in over the next year? (If you both worked with the language and want to continue to do so, please check both boxes in that row.)"
Database,"Which database environments have you done extensive development work in over the past year, and which do you want to work in over the next year? (If you both worked with the database and want to continue to do so, please check both boxes in that row.)"
Platform,"Which cloud platforms have you done extensive development work in over the past year, and which do you want to work in over the next year? (If you both worked with the platform and want to continue to do so, please check both boxes in that row.)"
Webframe,"Which web frameworks and web technologies have you done extensive development work in over the past year, and which do you want to work in over the next year? (If you both worked with the framework and want to continue to do so, please check both boxes in that row.)"
MiscTech,"Which other frameworks and libraries have you done extensive development work in over the past year, and which do you want to work in over the next year? (If you both worked with the framework and want to continue to do so, please check both boxes in that row.)"
ToolsTech,"Which developer tools have you done extensive development work in over the past year, and which do you want to work in over the next year? (If you both worked with the technology and want to continue to do so, please check both boxes in that row.)"
NEWCollabTools,"Which development environments did you use regularly over the past year, and which do you want to work with over the next year? Please check all that apply."
OpSys,"What is the primary operating system in which you work?"
VersionControlSystem,"What are the primary version control systems you use? Select all that apply."
VCInteraction,"How do you interact with your version control system? Select all that apply."
VCHosting,"What version control hosting service are you using?"
OfficeStackAsync,"Which collaborative work management tools did you use regularly over the past year, and which do you want to work with over the next year? Select all that apply"
OfficeStackSync,"Which communication tools did you use regularly over the past year, and which do you want to work with over the next year? Select all that apply"
Blockchain,"How favorable are you about blockchain, crypto, and decentralization?"
NEWSOSites,"Which of the following Stack Overflow sites have you visited? Select all that apply."
SOVisitFreq,"How frequently would you say you visit Stack Overflow?"
SOAccount,"Do you have a Stack Overflow account?"
SOPartFreq,"How frequently would you say you participate in Q&amp;A on Stack Overflow? By participate we mean ask, answer, vote for, or comment on questions."
SOComm,"Do you consider yourself a member of the Stack Overflow community?"
Age,"What is your age?"
Gender,"Which of the following describe you, if any? Please check all that apply."
Trans,"Do you identify as transgender?"
Sexuality,"Which of the following describe you, if any? Please check all that apply."
Ethnicity,"Which of the following describe you, if any? Please check all that apply."
Accessibility,"Which of the following describe you, if any? Please check all that apply."
MentalHealth,"Which of the following describe you, if any? Please check all that apply."
TBranch,"Would you like to participate in the Professional Developer Series?"
ICorPM,"Are you an independent contributor or people manager?"
WorkExp,"How many years of working experience do you have?"
Knowledge,"Please rate your level of agreement with the following statement:"
Frequency,"How frequently do you experience each of the following?"
TimeSearching,"On an average day, how much time do you typically spend searching for answers or solutions to problems you encounter at work? (This includes time spent searching on your own, asking a colleague, and waiting for a response)."
TimeAnswering,"On an average day, how much time do you typically spend answering questions you get asked at work?"
Onboarding,"The time it takes to onboard new hires at my company is:"
ProfessionalTech,"My company has:"
SOTeamsUsage,"Does your team use Stack Overflow for Teams?"
TrueFalse,"Last few questions..."
SurveyLength,"How do you feel about the length of the survey this year?"
SurveyEase,"How easy or difficult was this survey to complete?"
Knowledge_1,"I have interactions with people outside of my immediate team."
Knowledge_2,"Knowledge silos prevent me from getting ideas across the organization (i.e., one individual or team has information that isn't shared with others)"
Knowledge_3,"I can find up-to-date information within my organization to help me do my job."
Knowledge_4,"I am able to quickly find answers to my questions with existing tools and resources."
Knowledge_5,"I know which system or resource to use to find information and answers to questions I have."
Knowledge_6,"I often find myself answering questions that I’ve already answered before."
Knowledge_7,"Waiting on answers to questions often causes interruptions and disrupts my workflow."
Frequency_1,"Needing help from people outside of your immediate team?"
Frequency_2,"Interacting with people outside of your immediate team?"
Frequency_3,"Encountering knowledge silos (where one individual or team has information that's not shared or distributed with other individuals or teams) at work?"
TrueFalse_1,"Are you involved in supporting new hires during their onboarding?"
TrueFalse_2,"Do you use learning resources provided by your employer?"
TrueFalse_3,"Does your employer give you time to learn new skills?"
